,0
0,-3987.358781808839
1,-3926.3776500154
2,-3932.1188781236924
3,-3941.7487525603697
4,-3936.592124699836
5,-3919.3291111130807
6,-3861.1818150209965
7,-3860.1639014082643
8,-3830.0799903639872
9,-3796.9639177437753
10,-3744.425279190058
11,-3747.978682766341
12,-3726.538519745814
13,-3789.3785544142543
14,-3751.2899408061357
15,-3679.619609131713
16,-3617.7510516099496
17,-3546.9409161538456
18,-3481.4698786279714
19,-3467.024872917629
20,-3462.5138003731627
21,-3468.206812562751
22,-3494.387059411225
23,-3514.4954250205933
24,-3579.0885658784628
25,-3643.5785176679283
26,-3619.405357128108
27,-3612.460193658705
28,-3610.882515608187
29,-3638.8796475999816
30,-3635.4802089763957
31,-3629.966803619675
32,-3606.5929379630034
33,-3579.3704915085996
34,-3550.264716603367
35,-3523.4261565121383
36,-3536.544672254641
37,-3555.129201477874
38,-3571.4044283496205
39,-3587.091476442196
40,-3590.275610179078
41,-3569.842872379667
42,-3537.6186849929945
43,-3550.8933333958107
44,-3530.0827251714954
45,-3544.841481583008
46,-3575.250172980167
47,-3586.5613264075005
48,-3607.056686092539
49,-3556.5689813103513
50,-3515.9588811040667
51,-3485.7776418149065
52,-3467.868793283484
53,-3439.8033767292045
54,-3402.9030543863364
55,-3371.3298477059748
56,-3325.779365461245
57,-3322.6306235711772
58,-3319.912442034231
59,-3309.80550250748
60,-3298.5173409357135
61,-3370.3341741898726
62,-3387.3172432484153
63,-3424.9651592290406
64,-3443.321880305606
65,-3438.611356006701
66,-3445.195688788515
67,-3406.95868020043
68,-3360.3623205036524
69,-3353.6262299676655
70,-3323.702370680402
71,-3314.034240317046
72,-3320.2980802307684
73,-3286.598422924475
74,-3252.021259790287
75,-3272.3459276680683
76,-3297.0512867529783
77,-3321.895160039367
78,-3316.452158085642
79,-3313.884062574878
80,-3348.9291457542727
81,-3387.2694451561556
82,-3375.982716568033
83,-3385.8185643782012
84,-3385.212208824086
85,-3383.272038636973
86,-3421.8763470386293
87,-3411.467021108652
88,-3383.4265766792437
89,-3380.059399645577
90,-3360.1051729492524
91,-3341.8862715171063
92,-3334.893677557074
93,-3335.5544786687433
94,-3402.1639353641835
95,-3478.2614785979167
96,-3518.672474693624
97,-3555.6635781470704
98,-3551.4498509845544
99,-3547.8575113221386
100,-3564.885374027543
101,-3607.0975620204645
102,-3573.263957952919
103,-3563.490008136328
104,-3539.548627770616
105,-3524.239186840086
106,-3537.012495411545
107,-3573.3615873143513
108,-3584.4746725047053
109,-3609.659969553549
110,-3591.4718201143946
111,-3560.5327617790717
112,-3537.8225347847188
113,-3533.500316449221
114,-3531.5126178248247
115,-3524.0828551278632
116,-3556.915038771943
117,-3566.0723038138403
118,-3613.4218164158565
119,-3588.2637615084104
120,-3628.3287801063707
121,-3716.742578138027
122,-3829.9127627755306
123,-3766.627997914426
124,-3700.4370282430887
125,-3641.508293285402
126,-3587.6547501236237
127,-3531.333756798966
128,-3484.931517366888
129,-3442.5159657098093
130,-3438.8380612486417
131,-3393.3453726446915
132,-3368.654248092539
133,-3362.088455630481
134,-3377.058797924936
135,-3406.438418558201
136,-3430.7249498812157
137,-3446.365037840775
138,-3467.0582180281353
139,-3466.2384006076304
140,-3447.039576437892
141,-3409.6446449437394
142,-3360.3018526437477
143,-3337.5516939113627
144,-3388.26151256156
145,-3462.3913535403267
146,-3566.0400001940784
147,-3647.2840030722227
148,-3655.597483899091
149,-3615.96995554389
150,-3578.8286680077167
151,-3561.0079236445886
152,-3498.8264790435587
153,-3453.7225879778575
154,-3401.6304840717407
155,-3393.8582101821034
156,-3394.697212069473
157,-3382.4162874257604
158,-3347.931703003002
159,-3315.439148565407
160,-3277.2383581015815
161,-3255.6197893040403
162,-3247.2706935148594
163,-3283.140094032126
164,-3257.112197774073
165,-3297.1163505998456
166,-3283.7376238976954
167,-3223.811035690261
168,-3188.9104212973552
169,-3171.057528896782
170,-3194.0033613659903
171,-3159.1279477454336
172,-3153.0579816323716
173,-3129.5997688386306
174,-3148.814539447397
175,-3136.315999947929
176,-3120.6344122835667
177,-3113.852358153193
178,-3118.663819916855
179,-3104.9901662399534
180,-3148.7483953879973
181,-3166.802371990541
182,-3166.5084735374585
183,-3162.9426037678018
184,-3135.823139409036
185,-3100.804145965379
186,-3074.3292136210193
187,-3062.768707528245
188,-3104.954541480543
189,-3051.2502693704414
190,-3025.7531239191358
191,-3004.809859694989
192,-2993.7152561871235
193,-2985.644595805916
194,-3046.9476616051234
195,-3090.2930870718474
196,-3174.266292054855
197,-3226.457619006411
198,-3212.1979743850247
199,-3128.138080213809
200,-3116.1003491136225
201,-3043.3891205254863
202,-2998.6975613807463
203,-2972.2473718382707
204,-2939.765115277284
205,-2919.6770296873556
206,-2936.5861801916553
207,-2919.1802748736563
208,-2960.1076289881867
209,-2993.8020287330387
210,-3010.603306370229
211,-3000.082986598535
212,-2949.8620761896577
213,-2916.2330344545353
214,-2874.514078656413
215,-2853.9702601602003
216,-2850.8343555575716
217,-2824.707605292144
218,-2788.3917335798287
219,-2735.4873783627118
220,-2701.973337985586
221,-2672.404890848796
222,-2636.571391022616
223,-2612.2854458285856
224,-2593.1754658620434
225,-2629.5876693085966
226,-2676.1966601862696
227,-2739.059213149007
228,-2708.5237918083794
229,-2695.603295996587
230,-2688.795964097761
231,-2668.919342996599
232,-2633.2102469516676
233,-2591.380986007311
234,-2600.236597936695
235,-2599.9731125761505
236,-2615.1509165385455
237,-2684.8611052212514
238,-2673.6154117315245
239,-2671.695326998821
240,-2677.8513416594533
241,-2719.716132363028
242,-2796.95630257696
243,-2813.02837987304
244,-2820.9873531368726
245,-2818.4176027920303
246,-2814.46981600805
247,-2777.6114381481325
248,-2733.412332940963
249,-2696.9731919524775
250,-2635.168306239859
251,-2597.561768392592
252,-2557.7686802814283
253,-2525.538237349711
254,-2499.756614424066
255,-2460.195613165444
256,-2428.408613397858
257,-2434.2642560288373
258,-2407.9528184010055
259,-2373.2347734777372
260,-2340.677642367955
261,-2299.3331438129967
262,-2291.1827090930565
263,-2232.2028544582117
264,-2193.7487070812585
265,-2180.9070838396437
266,-2190.742061266229
267,-2178.0117917727293
268,-2148.2518919540025
269,-2147.5750116050312
270,-2152.580051897175
271,-2164.691522823697
272,-2178.3205111572934
273,-2186.921966683003
274,-2204.015922300664
275,-2192.8305145505374
276,-2196.012975353347
277,-2196.791079447554
278,-2188.4994839216997
279,-2171.499239359359
280,-2193.0665716329845
281,-2162.3668440606725
282,-2145.095934180762
283,-2125.7919033886205
284,-2118.1328630732914
285,-2093.0195066073093
286,-2058.613578871906
287,-2030.1382792650143
288,-2041.4360512968183
289,-2018.2492593086956
290,-2004.5203384029835
291,-1993.612183302131
292,-1978.5146366398749
293,-1956.775570866003
294,-1933.187933597337
295,-1934.7406413634635
296,-1937.5140124902114
297,-1928.8797508297923
298,-1919.6475725561845
299,-1914.5950580961894
300,-1896.968370656374
301,-1897.7954993514304
302,-1898.7466667247863
303,-1903.2051687709713
304,-1881.2378529909672
305,-1873.1710145697048
306,-1843.2555626810035
307,-1831.9300362220413
308,-1816.2207545301387
309,-1808.5441164132376
310,-1782.9690929009603
311,-1791.4179524405326
312,-1776.9305152348288
313,-1777.542552512014
314,-1782.5034781455968
315,-1805.4141218507225
316,-1818.9285721966876
317,-1830.1365299764868
318,-1868.8291421636538
319,-1889.6060526402591
320,-1887.1361021978398
321,-1904.8423813243828
322,-1919.8379688197856
323,-1926.186787033784
324,-1942.3646055818294
325,-1984.822635678814
326,-1989.7303855393432
327,-1986.163990309626
328,-1982.2896421719158
329,-1982.6705254816413
330,-2005.1790843803908
331,-2007.694159363672
332,-1991.1752103518452
333,-1979.2015231719506
334,-1975.5507982877461
335,-1994.3185473661265
336,-1960.9179380051276
337,-1964.7308504188102
338,-1950.9692168058975
339,-1956.1918298629153
340,-1966.7000396494084
341,-1979.917062919841
342,-1993.3392929730112
343,-1993.6904548001187
344,-1967.6535832249244
345,-1946.598876507502
346,-1952.9085773503434
347,-1951.9627649641961
348,-1954.5745328224918
349,-1956.6659070704688
350,-1931.5218243568797
351,-1924.7788734186483
352,-1919.1997584043552
353,-1937.7009163296132
354,-1899.8999003608092
355,-1919.0887040569526
356,-1943.929857377237
357,-1921.353101871381
358,-1909.5244365967853
359,-1873.5588369784348
360,-1858.8041431647696
361,-1823.2828837428492
362,-1825.557880353758
363,-1800.7501349047177
364,-1778.56703830225
365,-1767.85706739128
366,-1754.0856587798462
367,-1767.568374986094
368,-1795.7974993606022
369,-1816.9624199004622
370,-1859.140092848121
371,-1859.8795509401252
372,-1852.3526427779905
373,-1839.8601754322249
374,-1837.5685835710274
375,-1844.9662767957682
376,-1856.0306984590156
377,-1862.5647051773758
378,-1880.8431360156221
379,-1894.2412282255332
380,-1883.7467288322948
381,-1886.1184074354223
382,-1879.8515579716932
383,-1867.3568085413335
384,-1858.569966614611
385,-1861.4411223721947
386,-1864.719907082055
387,-1866.0162021319222
388,-1887.0289218239186
389,-1882.7456462670007
390,-1886.2549883905986
391,-1878.4437451233543
392,-1847.1014546387494
393,-1846.8889805492802
394,-1818.549755598196
395,-1786.3464906827498
396,-1774.0985064864271
397,-1757.202374002613
398,-1742.6961250566158
399,-1719.515471500634
400,-1711.4855164827648
401,-1746.402986228731
402,-1755.2272987924916
403,-1762.644225803574
404,-1759.4610082451666
405,-1748.9063896152627
406,-1735.2272568427359
407,-1722.9377292944382
408,-1700.0807450003676
409,-1695.5909125477986
410,-1694.5659502543008
411,-1701.252024609057
412,-1719.2688233055524
413,-1732.6199427040497
414,-1730.0077766640616
415,-1730.3420564310454
416,-1717.8992661448826
417,-1740.3132121080525
418,-1733.8663917408248
419,-1749.0406413500255
420,-1755.358134812807
421,-1762.9295329685738
422,-1817.319205091633
423,-1827.4255392542034
424,-1845.9087859468937
425,-1841.3289995603434
426,-1829.3599889162997
427,-1827.3583810084624
428,-1821.3114074130106
429,-1812.2810391486005
430,-1805.1022309270065
431,-1789.2272232526318
432,-1796.644875446978
433,-1797.2092998951282
434,-1833.013399187535
435,-1806.1926503427069
436,-1791.2795707538294
437,-1756.0154748336547
438,-1730.0023257338992
439,-1729.300670124996
440,-1709.1451606058295
441,-1710.3119100490542
442,-1725.3762491459602
443,-1728.6766634879903
444,-1727.9543425816746
445,-1750.2139704260076
446,-1755.947957083088
447,-1765.1105733458971
448,-1751.6609909076665
449,-1741.6457393852395
450,-1737.5471442485448
451,-1746.0838516012332
452,-1734.5802621640344
453,-1708.456190094494
454,-1707.5257733708872
455,-1681.0079632071852
456,-1653.1396009337884
457,-1645.5238718588462
458,-1626.1078933074023
459,-1622.74381761257
460,-1647.0178393859303
461,-1635.9158976333952
462,-1635.7268089270706
463,-1634.1284073142551
464,-1656.0743392347822
465,-1640.9251497157554
466,-1622.1948280775468
467,-1608.790338464412
468,-1598.4454996983627
469,-1601.6084978169038
470,-1596.7381035930605
471,-1596.101136663855
472,-1625.8047131848539
473,-1609.0380859016382
474,-1617.5733574501232
475,-1593.5257157961819
476,-1596.6689317244989
477,-1584.286545075927
478,-1620.2396036193259
479,-1639.3607822330464
480,-1656.6710123523874
481,-1648.657914352767
482,-1645.216543348417
483,-1625.3445934618533
484,-1605.7751479966355
485,-1610.9240257202928
486,-1620.2684241811126
487,-1599.2693019940077
488,-1607.5713395028356
489,-1620.7616701595555
490,-1636.9365393696326
491,-1654.3938537434544
492,-1669.5454381496268
493,-1669.3050972275848
494,-1656.6255444390265
495,-1662.7066884517278
496,-1665.0762780870484
497,-1655.6416500948458
498,-1640.9854495601785
499,-1647.5016373612632
500,-1620.0633979546203
501,-1618.0980225629862
502,-1592.192936253019
503,-1594.303062594975
504,-1566.1784290641751
505,-1558.9258367609098
506,-1566.3521704348448
507,-1570.531824481918
508,-1573.8220092555878
509,-1574.4621175059574
510,-1553.7230942509955
511,-1536.6724324617937
512,-1521.2687198266724
513,-1498.1079905502665
514,-1500.2112545517487
515,-1508.4381765221249
516,-1506.4779369473752
517,-1493.0672751545417
518,-1482.1009712334362
519,-1513.165768762913
520,-1540.2040475216581
521,-1541.7558115838294
522,-1540.4810525260418
523,-1580.0176392344943
524,-1566.7231986938418
525,-1550.076883593588
526,-1571.048008836297
527,-1557.4253804605987
528,-1536.3322160881994
529,-1528.6969589232244
530,-1537.1130688152657
531,-1534.6619225679042
532,-1539.6993577637181
533,-1554.6424712044961
534,-1554.8833651547857
535,-1563.3251050224853
536,-1574.8746494397449
537,-1587.3939303369993
538,-1562.9821231087637
539,-1542.6336795427983
540,-1560.5045542212324
541,-1602.0574455076635
542,-1611.3850697651535
543,-1588.8750647236507
544,-1578.0117346576103
545,-1594.5727921466553
546,-1621.2954143826657
547,-1647.0326503499023
548,-1638.6922148838996
549,-1625.9956451987969
550,-1625.681742571462
551,-1649.339628708558
552,-1701.0810209599854
553,-1733.467146464795
554,-1771.1295973866897
555,-1774.5067234972935
556,-1777.8978469845792
557,-1760.500476371721
558,-1752.1984548348814
559,-1715.863404172598
560,-1722.2585739628003
561,-1737.8301998582172
562,-1727.633807738498
563,-1704.6265871058993
564,-1722.2302982799329
565,-1700.6227163286746
566,-1697.3773259167326
567,-1703.6469564142067
568,-1693.4513337679261
569,-1657.8398155186596
570,-1653.652228390308
571,-1642.3845107402901
572,-1657.5317849967937
573,-1663.3216931354752
574,-1668.9133901112452
575,-1664.211564532701
576,-1651.40013206569
577,-1656.959873104251
578,-1627.6898130864972
579,-1611.2451521457988
580,-1596.580682015462
581,-1587.832722311431
582,-1587.007350408596
583,-1576.51444332775
584,-1578.1643910582843
585,-1565.254225574475
586,-1568.9002611683466
587,-1573.9869591583808
588,-1593.2570769065348
589,-1573.6352950134524
590,-1572.1136304467964
591,-1571.3305354989413
592,-1577.1303093055697
593,-1584.171736807837
594,-1576.9398065579107
595,-1580.7613104508564
596,-1566.5421362239467
597,-1559.3696394083395
598,-1548.1526077510252
599,-1560.1711681515162
600,-1554.4698728806175
601,-1560.982985690668
602,-1554.3014250104713
603,-1560.4504286670694
604,-1574.2334116938887
605,-1592.3423886458954
606,-1609.4249050379658
607,-1632.7023491723298
608,-1642.689831657814
609,-1664.9577782869642
610,-1650.4019291478578
611,-1643.6645632989205
612,-1647.5503154204052
613,-1643.3599489349594
614,-1626.681394835753
615,-1625.3865028905407
616,-1638.9821488761825
617,-1627.213828276751
618,-1640.6863461927198
619,-1666.532691631476
620,-1695.575281650293
621,-1713.8963958998004
622,-1697.4666691797647
623,-1695.8178719853406
624,-1678.5276594947095
625,-1688.5606580713418
626,-1661.9498505463139
627,-1660.0640819063883
628,-1682.0205028137632
629,-1691.2870856438558
630,-1711.3128383967446
631,-1713.9017593965805
632,-1731.679663283891
633,-1737.452773241547
634,-1770.5529965087376
635,-1761.1608561023265
636,-1783.4429882744046
637,-1772.8050482708954
638,-1787.7718640426533
639,-1785.8618290294814
640,-1771.4228516874816
641,-1774.267211407215
642,-1775.491812781378
643,-1765.6713229176112
644,-1756.6439720455255
645,-1731.9119337548248
646,-1757.4247463371917
647,-1748.8973948798246
648,-1755.0182276184673
649,-1753.9418203253356
650,-1752.385012322925
651,-1780.0341488680879
652,-1797.715377654596
653,-1787.3680681735757
654,-1781.181159183017
655,-1752.8936368950065
656,-1749.8801231715563
657,-1747.4966386869264
658,-1774.103362078864
659,-1809.3019248780477
660,-1840.3149508555493
661,-1825.8216178949665
662,-1825.1383222595643
663,-1831.5211487460824
664,-1828.5001646944704
665,-1826.9013689585934
666,-1808.635349580237
667,-1781.8642816924182
668,-1751.3230897229398
669,-1766.8215015938922
670,-1757.2222411979508
671,-1731.2270239233396
672,-1739.0806701825811
673,-1735.648512021517
674,-1730.8389062853375
675,-1704.5262381360674
676,-1683.8002579528788
677,-1677.085677326713
678,-1670.8505441348657
679,-1667.6545815342015
680,-1657.28353755142
681,-1656.8508293461084
682,-1661.8589458492033
683,-1661.776279391094
684,-1670.0961099787316
685,-1652.199192326708
686,-1673.1612343892998
687,-1695.8978586809728
688,-1701.131531426072
689,-1722.6681081122847
690,-1741.7265068843951
691,-1749.762684062269
692,-1761.572351327987
693,-1735.6804136667
694,-1732.8073424214217
695,-1730.342498823368
696,-1722.893518528848
697,-1707.5778728588032
698,-1681.2240364962327
699,-1661.6203545494168
700,-1647.792583692111
701,-1621.3836102348573
702,-1621.7224932201166
703,-1621.4116894494225
704,-1641.9377671106918
705,-1661.9828233903206
706,-1668.487588270306
707,-1672.9104002638544
708,-1668.7889605762928
709,-1666.5854357419294
710,-1658.7358377278447
711,-1647.60497387392
712,-1664.183929303752
713,-1680.0795790199388
714,-1690.6198329975339
715,-1705.726980516316
716,-1706.0581303925658
717,-1712.8298667471474
718,-1684.610513844751
719,-1666.8446902975672
720,-1652.8997241841116
721,-1642.4552491409663
722,-1629.8725334215608
723,-1603.3644872425407
724,-1616.1242765523396
725,-1619.890739381569
726,-1634.2024058139143
727,-1645.7957832865175
728,-1639.5037824992924
729,-1636.810211580551
730,-1655.483142801759
731,-1668.1126957432418
732,-1678.4958796488002
733,-1671.5614230999324
734,-1683.8788361703182
735,-1694.2639738129337
736,-1694.8389956807998
737,-1674.4597176736859
738,-1698.8682350817753
739,-1682.5082918345474
740,-1698.4616840983697
741,-1703.36788399059
742,-1720.2719300107738
743,-1701.6603986974128
744,-1708.0833308071415
745,-1710.325980126192
746,-1691.0270722527857
747,-1690.67475230854
748,-1682.4763352579282
749,-1686.6451338294573
750,-1673.9422162425371
751,-1680.0346693623546
752,-1687.533900217244
753,-1720.2390804874833
754,-1719.568011187213
755,-1712.061155310641
756,-1710.939729226554
757,-1720.8010170165649
758,-1762.610157218607
759,-1750.3295778158117
760,-1733.5247307829106
761,-1705.6039916874072
762,-1702.1933500224993
763,-1706.1248102638315
764,-1738.9141399097568
765,-1785.391146243241
766,-1778.1030863531598
767,-1794.1425729164137
768,-1808.5928180341964
769,-1807.5768195408675
770,-1807.370538742171
771,-1780.8899965188164
772,-1781.5962566707528
773,-1782.3161769040819
774,-1786.3988337996702
775,-1779.1884423908957
776,-1782.9010517675342
777,-1785.0403781081366
778,-1771.4718539687099
779,-1774.270244484353
780,-1793.7838453312609
781,-1799.2365730213946
782,-1800.9493977050563
783,-1800.2371219179427
784,-1774.6146635301593
785,-1746.9975771368704
786,-1747.2993936429607
787,-1746.8150659747387
788,-1746.7020962081542
789,-1732.7599144794115
790,-1718.971237144824
791,-1752.3001018381185
792,-1775.0874747067078
793,-1751.0091578954907
794,-1737.5193332048543
795,-1726.5169981604922
796,-1766.823696090309
797,-1739.6795000396075
798,-1750.4193041708581
799,-1741.5514409113264
800,-1722.096106663763
801,-1702.863432052087
802,-1683.4158150072856
803,-1678.6776256180947
804,-1687.6396347645816
805,-1654.4192735027887
806,-1646.1075075787417
807,-1660.9566545789544
808,-1686.7338664047713
809,-1720.6660125736885
810,-1727.682451277613
811,-1731.8664382189834
812,-1764.2524131313392
813,-1779.0543905847433
814,-1782.479544506874
815,-1798.944119301645
816,-1795.7535172126954
817,-1863.1690467161438
818,-1856.8452454150624
819,-1839.4860713383814
820,-1854.8596426199995
821,-1840.4472900500955
822,-1822.4620619635098
823,-1846.2088310017339
824,-1817.5251406255693
825,-1822.2720997052077
826,-1836.4102778004471
827,-1845.5562677999792
828,-1864.1848346716745
829,-1857.8077599987082
830,-1822.5442828661614
831,-1806.907416727396
832,-1793.9606875480558
833,-1775.2575682881784
834,-1795.5035111534298
835,-1801.6564638443176
836,-1816.3313686060287
837,-1813.6340770641916
838,-1789.330420436588
839,-1784.7000010276695
840,-1747.3548679093035
841,-1736.1052432561146
842,-1760.0678067908384
843,-1794.3769385192209
844,-1820.129828389297
845,-1811.984070859387
846,-1798.3062364445989
847,-1773.93250617442
848,-1762.4842790917855
849,-1737.6795283479084
850,-1723.938924550778
851,-1689.032340193231
852,-1666.1956033738147
853,-1689.8238180141866
854,-1707.473379019488
855,-1729.2753200651268
856,-1743.5749909935287
857,-1803.5281883121113
858,-1818.3206688051387
859,-1826.3735384238212
860,-1820.425064783189
861,-1823.2863931820464
862,-1802.109988059458
863,-1800.6440778593128
864,-1802.3350263719965
865,-1792.6820333418216
866,-1775.145096513877
867,-1780.6911787251893
868,-1785.7223612876442
869,-1782.1045276308068
870,-1789.4317685618166
871,-1785.5448310709774
872,-1827.2852803343105
873,-1838.5883359590978
874,-1816.9389978085778
875,-1785.4502835237174
876,-1791.0454408788216
877,-1779.739619124739
878,-1790.2701240162633
879,-1790.2999991686293
880,-1808.1982922055033
881,-1833.7020667615714
882,-1862.5618852045573
883,-1868.3455687150608
884,-1875.0738919214293
885,-1858.3051229129835
886,-1832.3331372361108
887,-1835.8947856510358
888,-1822.8995178148452
889,-1827.0948245368313
890,-1834.2799832330804
891,-1856.9128608087397
892,-1851.6418376289491
893,-1868.272944401282
894,-1881.0258369333671
895,-1869.7000672373579
896,-1845.1229327825101
897,-1824.7394266598565
898,-1813.9042621500696
899,-1813.5698829782832
900,-1805.959834324488
901,-1795.103156663357
902,-1780.2670830065645
903,-1773.117986077935
904,-1772.9414825394106
905,-1769.5431255304488
906,-1775.2380646394772
907,-1747.6358388686817
908,-1729.6938352371287
909,-1721.0738854769293
910,-1714.4626481498844
911,-1716.321078308603
912,-1699.4404151970095
913,-1694.23397534095
914,-1683.0522244039037
915,-1663.0146654823448
916,-1656.8840822957393
917,-1674.3594746570107
918,-1657.8705492775382
919,-1657.5612318827784
920,-1659.7454012112614
921,-1667.8572373527495
922,-1676.0257155683375
923,-1683.7722859065868
924,-1700.1344844120636
925,-1690.3107180345128
926,-1666.28989016867
927,-1647.2901109396641
928,-1635.825699045708
929,-1632.8964461970281
930,-1630.5247697207208
931,-1643.605569936199
932,-1655.7360476834697
933,-1654.7310260530517
934,-1657.102696162408
935,-1639.93178418572
936,-1635.8807972425789
937,-1618.5308985740025
938,-1614.805334767712
939,-1643.0764485982154
940,-1633.536484714669
941,-1636.5019727064061
942,-1643.0698487659724
943,-1671.4470624146034
944,-1673.9474652564281
945,-1682.520582015397
946,-1698.3629617464649
947,-1691.0289513891194
948,-1666.711717336318
949,-1676.0141877299268
950,-1702.072317626689
951,-1703.7332757797446
952,-1686.8222841439992
953,-1699.6719852200101
954,-1706.093428776297
955,-1678.2717822778168
956,-1667.1704054222691
957,-1647.9625555207053
958,-1666.5984647603707
959,-1666.6552924673886
960,-1684.026992322378
961,-1729.1970067555692
962,-1745.8808805479568
963,-1732.4822821737746
964,-1716.6102228947077
965,-1713.7080226368296
966,-1712.2523826628085
967,-1733.4751150129248
968,-1758.6044314678152
969,-1784.54937070044
970,-1770.3634262535547
971,-1795.4165384741677
972,-1772.8212763812592
973,-1792.2721680295767
974,-1783.162037810926
975,-1808.0131875978316
976,-1809.259351177687
977,-1800.6753662015644
978,-1787.2543760009619
979,-1767.5906641522258
980,-1777.217802730815
981,-1760.7059132032805
982,-1781.375880354092
983,-1790.8614034998127
984,-1794.9298118470804
985,-1815.1541135721352
986,-1836.8062279566109
987,-1809.8824072071486
988,-1804.0267669653315
989,-1768.9314780626469
990,-1746.1916322445838
991,-1727.3528343605685
992,-1712.5372431692444
993,-1694.2573110689514
994,-1663.94740759848
995,-1654.433377458204
996,-1647.5384437510081
997,-1626.8862642568465
998,-1622.0342935003384
999,-1634.7401999356102
1000,-1620.8310200446288
1001,-1617.4373271297256
1002,-1601.6038799921535
1003,-1611.2372507163896
1004,-1615.6625575947369
1005,-1637.2202578478536
1006,-1640.9588701621901
1007,-1671.188618530231
1008,-1704.161438767252
1009,-1736.4543302326347
1010,-1737.0159818449417
1011,-1732.8642897909963
1012,-1725.8422279525748
1013,-1739.997417363627
1014,-1749.5385356744102
1015,-1739.8355668209074
1016,-1732.9230900168745
1017,-1749.9350717954385
1018,-1737.0371881539681
1019,-1733.3179755601175
1020,-1712.1474665257222
1021,-1742.311707966241
1022,-1746.28232619584
1023,-1733.4523449884593
1024,-1736.1801641453164
1025,-1753.1813962039935
1026,-1743.386506384797
1027,-1743.942572073206
1028,-1727.8717729851392
1029,-1711.981453107173
1030,-1707.9732097054214
1031,-1696.010821668265
1032,-1708.707405914446
1033,-1723.8281609674164
1034,-1738.556546213861
1035,-1732.343533002122
1036,-1740.7953832332398
1037,-1749.208283745298
1038,-1744.7794794820406
1039,-1779.3574161877077
1040,-1823.2774916308183
1041,-1824.1141786168682
1042,-1834.9431661269634
1043,-1841.3061953307965
1044,-1804.6931283193485
1045,-1805.2342266558203
1046,-1782.4658552318522
1047,-1790.458383398884
1048,-1816.1927275941823
1049,-1827.480368336881
1050,-1814.9929619638867
1051,-1795.2803635083606
1052,-1824.8461871715026
1053,-1825.709531570147
1054,-1830.5741255015357
1055,-1852.8800308902435
1056,-1854.8015936014244
1057,-1841.5065662303682
1058,-1846.0661154351271
1059,-1831.1993576706682
1060,-1835.9561919138587
1061,-1835.614257861492
1062,-1832.4117721114433
1063,-1835.0100195751997
1064,-1850.038139666071
1065,-1841.4696569080256
1066,-1834.766179180302
1067,-1836.6932974478323
1068,-1809.7450455947114
1069,-1812.4573489952195
1070,-1786.2528862623385
1071,-1797.9390127915785
1072,-1806.9951114240969
1073,-1793.3290408690875
1074,-1798.0453421903999
1075,-1779.141323661844
1076,-1798.5800772559587
1077,-1777.4319560527465
1078,-1764.2497727646073
1079,-1777.3655101827214
1080,-1772.1248782646464
1081,-1758.5929503053299
1082,-1748.2226128764771
1083,-1745.2069570516278
1084,-1748.1588860651477
1085,-1753.5903477821687
1086,-1743.2358422327839
1087,-1734.1329561836405
1088,-1711.4480232699207
1089,-1712.7264167011663
1090,-1738.9140664676138
1091,-1730.977312135346
1092,-1729.272892808121
1093,-1717.487547671599
1094,-1723.8043474679534
1095,-1737.879379924701
1096,-1721.971570906345
1097,-1715.555086064994
1098,-1730.7554832454007
1099,-1744.5338667041833
1100,-1753.586810538133
1101,-1735.8620001246352
1102,-1720.6815436415582
1103,-1735.0781333699363
1104,-1741.8568771367304
1105,-1739.6461887597914
1106,-1712.0798287505163
1107,-1722.3310172537863
1108,-1711.4447805367222
1109,-1694.8738860883827
1110,-1688.0937297483904
1111,-1690.0438778831735
1112,-1700.2686181958024
1113,-1676.6329357104203
1114,-1669.6535243757335
1115,-1685.5512208936925
1116,-1685.2475649952867
1117,-1666.067111893406
1118,-1640.3115496187447
1119,-1635.3761065932422
1120,-1632.804527224826
1121,-1625.637372268175
1122,-1629.7200538169786
1123,-1632.412973232586
1124,-1657.0506069978528
1125,-1664.6969708984602
1126,-1665.751615461672
1127,-1666.2094217254198
1128,-1670.9466247419414
1129,-1674.7221044904375
1130,-1670.8189100614377
1131,-1667.3432410255557
1132,-1702.7454917103453
1133,-1679.0485646202442
1134,-1645.9027405167633
1135,-1626.54769692375
1136,-1630.1149502961935
1137,-1629.1985475585564
1138,-1625.197259965776
1139,-1612.8191712991681
1140,-1595.568100186748
1141,-1592.4350040219397
1142,-1591.7788625557882
1143,-1599.1870737949262
1144,-1593.7426619645166
1145,-1593.1416977969245
1146,-1564.1810514665792
1147,-1597.0159782860555
1148,-1589.202570561482
1149,-1612.0045972798746
1150,-1647.6802602853982
1151,-1623.6893209654645
1152,-1619.1403579632045
1153,-1597.698642570414
1154,-1576.0268534528936
1155,-1562.1919967750691
1156,-1554.2025664148198
1157,-1550.0554137105587
1158,-1544.2240391331006
1159,-1549.1496426809422
1160,-1565.9315604885492
1161,-1571.4431123990835
1162,-1576.5550404391602
1163,-1558.2334717121425
1164,-1557.3739092495887
1165,-1533.2280489657396
1166,-1517.779239285847
1167,-1506.7947626752114
1168,-1532.5664867910189
1169,-1535.5243379474302
1170,-1565.7098514800768
1171,-1544.775612244603
1172,-1560.1643318121228
1173,-1553.7971399478627
1174,-1546.860701288424
1175,-1548.8228580239054
1176,-1607.9410996133581
1177,-1606.5606070195004
1178,-1591.0740988199148
1179,-1571.5760548615897
1180,-1576.776889454662
1181,-1564.2532787912194
1182,-1544.2225005585863
1183,-1528.3308733928884
1184,-1502.6783523247989
1185,-1491.067922797095
1186,-1488.227189161784
1187,-1481.027605206338
1188,-1466.3376284555407
1189,-1492.482314968114
1190,-1477.9825440375207
1191,-1466.2083664098627
1192,-1478.4291788233795
1193,-1483.7986486629766
1194,-1477.6077761118468
1195,-1486.5500576872384
1196,-1470.692230061942
1197,-1476.2401751589132
1198,-1466.0020629411777
1199,-1446.8317669584708
1200,-1438.4079548916184
1201,-1458.240044157338
1202,-1481.7523385362272
1203,-1508.26687917888
1204,-1492.9739184039101
1205,-1494.3230351684415
1206,-1491.0723751538096
1207,-1494.438025462664
1208,-1528.2388577539823
1209,-1548.958095257138
1210,-1559.6878478676
1211,-1565.4643227325746
1212,-1596.7271543972051
1213,-1643.2804617513402
1214,-1672.1204079253657
1215,-1703.4612292328156
1216,-1713.5492259808184
1217,-1692.9467595083647
1218,-1706.8011666051298
1219,-1706.714014843554
1220,-1694.6283297317066
1221,-1691.8787991491236
1222,-1680.2727234821127
1223,-1659.5964231599537
1224,-1662.4656165503443
1225,-1659.9865012483374
1226,-1690.3640721150305
1227,-1687.9748838332741
1228,-1691.8825152193206
1229,-1703.7577218858232
1230,-1697.5635967241644
1231,-1696.0424994903267
1232,-1711.5716101757348
1233,-1719.82159767129
1234,-1720.1323841437788
1235,-1725.925736922247
1236,-1720.6872475822372
1237,-1706.817639160541
1238,-1676.7507006749624
1239,-1666.9094607793984
1240,-1680.3376218866406
1241,-1688.5123822465919
1242,-1666.2177666156929
1243,-1639.7753809234732
1244,-1615.9918939944498
1245,-1598.9469149239776
1246,-1584.6972366135649
1247,-1579.5336390340863
1248,-1581.6597609350208
1249,-1576.8611031751366
1250,-1554.6471065875899
1251,-1528.9516394907391
1252,-1525.8599121329323
1253,-1531.912464624427
1254,-1554.5798665474772
1255,-1545.4809501890384
1256,-1541.0737172072268
1257,-1523.5561882401703
1258,-1521.2663497007547
1259,-1546.8514513031503
1260,-1552.5013883194365
1261,-1539.5324841889978
1262,-1537.8785458197538
1263,-1542.6734351867728
1264,-1541.7755888332165
1265,-1541.5422307274996
1266,-1547.425490539178
1267,-1530.0667967902286
1268,-1512.9194883380758
1269,-1515.6072395013666
1270,-1502.843629265566
1271,-1483.2664940609357
1272,-1495.220821297119
1273,-1504.340537846199
1274,-1502.568299185957
1275,-1533.277116945731
1276,-1529.205859822709
1277,-1548.2192477935832
1278,-1573.5067636653337
1279,-1571.0929975099475
1280,-1618.375822999533
1281,-1648.5153343578882
1282,-1664.711427973954
1283,-1667.3257215790559
1284,-1675.0134174923714
1285,-1666.455173558851
1286,-1660.0572812546266
1287,-1656.9620453161967
1288,-1643.661738807745
1289,-1619.3518991664964
1290,-1623.1672054269209
1291,-1624.0012929205363
1292,-1618.413430556711
1293,-1635.1882362571419
1294,-1610.2632111494377
1295,-1594.2369215436645
1296,-1581.4465189591706
1297,-1576.078796864717
1298,-1566.08596756562
1299,-1576.132570734373
1300,-1558.4401393197008
1301,-1562.5781088077254
1302,-1598.9124906144332
1303,-1621.91977789847
1304,-1636.619659191852
1305,-1635.8070601077497
1306,-1617.810252966233
1307,-1599.8336575975666
1308,-1599.504137123504
1309,-1580.2570993374625
1310,-1594.2539816410467
1311,-1579.2794424659276
1312,-1586.1190922058006
1313,-1581.7976655785233
1314,-1619.1409054642588
1315,-1616.7737863559046
1316,-1619.5974770538699
1317,-1634.4319642963887
1318,-1633.020061926499
1319,-1617.8801922136338
1320,-1612.4547200344582
1321,-1616.0109055658588
1322,-1586.768195311937
1323,-1576.3381781656462
1324,-1626.3895857857738
1325,-1615.6297515936026
1326,-1612.056370484732
1327,-1616.591798703987
1328,-1595.474505534657
1329,-1601.8856081168087
1330,-1601.6401106646833
1331,-1603.529808500042
1332,-1598.3251170310734
1333,-1566.3332101952913
1334,-1601.6399434875668
1335,-1622.23486481013
1336,-1611.8755121149773
1337,-1636.5380591511096
1338,-1658.969027006169
1339,-1685.4209242416912
1340,-1698.0687327148141
1341,-1724.9462584801156
1342,-1729.560733138936
1343,-1732.27988727395
1344,-1711.387755879172
1345,-1704.4867195342517
1346,-1688.2239355239833
1347,-1681.6089322769844
1348,-1675.0054353227938
1349,-1658.8125572182191
1350,-1679.0395912415581
1351,-1658.8385184769138
1352,-1640.6893328320325
1353,-1634.5251612868208
1354,-1617.640066307016
1355,-1597.6032653440836
1356,-1605.0728774650297
1357,-1598.7493089040843
1358,-1583.2484272338875
1359,-1571.373941411481
1360,-1549.3741159945603
1361,-1537.2067906374896
1362,-1542.4368680547734
1363,-1529.7562824536099
1364,-1537.6757623324643
1365,-1543.577220194526
1366,-1540.93509548957
1367,-1545.8893720797428
1368,-1565.7032388183347
1369,-1574.4095554414064
1370,-1611.0883264732192
1371,-1645.9821711670418
1372,-1657.7747205582398
1373,-1673.077116313156
1374,-1679.7252899506054
1375,-1664.9452612631032
1376,-1662.4367728679522
1377,-1669.7587385950278
1378,-1678.2056361676405
1379,-1660.8637490242213
1380,-1658.28165135442
1381,-1648.7706444904945
1382,-1650.238225787035
1383,-1631.9325451502061
1384,-1623.888368427637
1385,-1617.3008868051143
1386,-1613.2208705168382
1387,-1587.3018359238017
1388,-1586.2858947920884
1389,-1551.6752002069882
1390,-1546.8075979082355
1391,-1571.8569087299977
1392,-1567.0618594085713
1393,-1574.681266169071
1394,-1573.2411956356566
1395,-1590.8416104402115
1396,-1591.2291258958749
1397,-1577.9887048833507
1398,-1593.3600225124997
1399,-1601.0229444940649
1400,-1594.8194589504478
1401,-1588.5165290721254
1402,-1582.1125444539587
1403,-1591.0867548676379
1404,-1599.155042537683
1405,-1597.293423022253
1406,-1613.929656923923
1407,-1614.4330849336684
1408,-1603.4547062891115
1409,-1601.1797997045337
1410,-1605.5093696793103
1411,-1616.65949431555
1412,-1625.7340702005388
1413,-1652.7023191426847
1414,-1677.143474499113
1415,-1699.9241571764037
1416,-1695.0814862418185
1417,-1711.5629735260407
1418,-1705.491813731298
1419,-1717.2522062518212
1420,-1721.1343298750826
1421,-1736.8826112068682
1422,-1754.491294484133
1423,-1763.6306787167618
1424,-1737.135933436527
1425,-1722.9911059304932
1426,-1723.1673151669163
1427,-1750.7657815171292
1428,-1742.8096550158664
1429,-1735.032392613636
1430,-1711.962035213397
1431,-1694.4338227136948
1432,-1665.4306662879003
1433,-1647.844686320989
1434,-1631.9687845084034
1435,-1624.4430415550348
1436,-1644.185045007148
1437,-1636.9784611465952
1438,-1631.6469744400026
1439,-1620.8950431577307
1440,-1621.1255478182877
1441,-1623.5324106171897
1442,-1633.7823309695402
1443,-1628.3954957775604
1444,-1628.7639044251448
1445,-1614.5468239312581
1446,-1623.4645952381745
1447,-1646.8297947288618
1448,-1643.4685722045149
1449,-1634.5982526437788
1450,-1620.4995013423672
1451,-1638.7171147189922
1452,-1655.4047142711363
1453,-1693.4211137735813
1454,-1681.1327334390219
1455,-1658.1893380978938
1456,-1644.641447113126
1457,-1631.532399761918
1458,-1629.5558830799243
1459,-1635.78395577879
1460,-1623.5813890775123
1461,-1614.3776295191158
1462,-1603.5324849505023
1463,-1579.6638426779862
1464,-1574.978903241772
1465,-1588.2858131587263
1466,-1578.0125679905668
1467,-1579.65653870725
1468,-1581.4568464765089
1469,-1586.9874775570465
1470,-1593.3236174668477
1471,-1602.988505186476
1472,-1594.8682177009805
1473,-1583.2609089744146
1474,-1577.5111936865019
1475,-1568.2307621626694
1476,-1587.5448913736743
1477,-1592.9462860574085
1478,-1608.2485705149256
1479,-1632.1894432872637
1480,-1668.1095731888934
1481,-1652.1409125768657
1482,-1633.7616142572338
1483,-1623.0575029024217
1484,-1632.7168257690162
1485,-1633.8780724642334
1486,-1628.114556426709
1487,-1667.6679561320595
1488,-1691.0453982027325
1489,-1669.8317492983526
1490,-1657.306537290717
1491,-1648.898851764852
1492,-1664.896485064383
1493,-1672.0732491253502
1494,-1669.8199108672795
1495,-1667.1631864079081
1496,-1696.1568464042857
1497,-1687.8210141117604
1498,-1669.996924239408
1499,-1653.4246112578173
1500,-1657.3007922793015
1501,-1648.5998568926177
1502,-1638.2490804780873
1503,-1608.635196977621
1504,-1627.441337281671
1505,-1600.3173420290732
1506,-1646.8520094594346
1507,-1632.8409552809094
1508,-1619.6308121819015
1509,-1588.6926437347718
1510,-1591.8908056066182
1511,-1587.7811080867207
1512,-1616.4505273666728
1513,-1604.627454806484
1514,-1581.6410078473614
1515,-1591.2897096784611
1516,-1605.95595722564
1517,-1601.06534079836
1518,-1588.863104198281
1519,-1600.4313267804619
1520,-1585.6450494270196
1521,-1567.6728197718694
1522,-1573.310026121214
1523,-1566.8185306922085
1524,-1580.063061640446
1525,-1556.9278006481168
1526,-1560.0058074306012
1527,-1574.0167764783068
1528,-1581.0682166884976
1529,-1587.5266289576832
1530,-1609.3169711564306
1531,-1653.2551985798782
1532,-1677.9434559612673
1533,-1695.816853076742
1534,-1712.6664668807039
1535,-1688.766485675161
1536,-1708.0978908818774
1537,-1725.556170767069
1538,-1738.3392495371904
1539,-1744.546033937845
1540,-1767.9497279229877
1541,-1777.2877066279411
1542,-1774.5550102541242
1543,-1746.236473300876
1544,-1742.706917753479
1545,-1725.14807087458
1546,-1738.916660277527
1547,-1744.885507118894
1548,-1733.8118522172422
1549,-1745.4379362029204
1550,-1755.2252028275811
1551,-1783.9521672691205
1552,-1801.7357182479586
1553,-1812.2295501955196
1554,-1818.3996924199732
1555,-1839.2978357385484
1556,-1831.398305650111
1557,-1812.8185192062224
1558,-1810.356388054681
1559,-1789.969797867786
1560,-1777.0135023205166
1561,-1749.9345212269634
1562,-1740.3320878025202
1563,-1758.5449575327896
1564,-1726.6384175579467
1565,-1726.5853045405538
1566,-1716.2710764654548
1567,-1740.9925954157484
1568,-1732.8013224548931
1569,-1733.0455361449435
1570,-1719.02079589078
1571,-1714.7834915636865
1572,-1696.2164343114005
1573,-1677.0387389144823
1574,-1661.7616202445379
1575,-1662.698262286403
1576,-1628.7739479138293
1577,-1607.3814055971004
1578,-1602.688226942127
1579,-1602.5554051568924
1580,-1597.7646717380587
1581,-1614.1655791095673
1582,-1599.3930553265689
1583,-1593.7957090783239
1584,-1590.2442862169019
1585,-1567.7662943127564
1586,-1553.6671118376166
1587,-1574.6738398309758
1588,-1586.7916807931717
1589,-1582.3544500156315
1590,-1573.9233665043155
1591,-1570.8070278141927
1592,-1572.092139919933
1593,-1579.7876383681828
1594,-1571.8043710749726
1595,-1579.3676020673868
1596,-1590.9785118793995
1597,-1612.2888741228453
1598,-1643.5324164350732
1599,-1637.3125197724999
1600,-1620.491249405907
1601,-1623.6064192078377
1602,-1623.6030144588437
1603,-1629.504738752959
1604,-1631.2372813607392
1605,-1605.7925460454073
1606,-1608.0960773369293
1607,-1597.195507532642
1608,-1593.7363862352063
1609,-1577.349333245203
1610,-1591.241782568911
1611,-1612.6560514206074
1612,-1608.4189155466831
1613,-1620.103092965754
1614,-1622.7417149266832
1615,-1619.9646507358752
1616,-1614.4620651692276
1617,-1623.4109570084106
1618,-1615.1463986621345
1619,-1648.9673700949506
1620,-1637.4656099688773
1621,-1639.0329017538525
1622,-1626.9430553600992
1623,-1600.7254736953441
1624,-1589.31208308745
1625,-1589.4162601806304
1626,-1609.2293549325523
1627,-1608.8227299713312
1628,-1595.6716482132092
1629,-1594.8178371222384
1630,-1607.3372909556804
1631,-1630.0276443060334
1632,-1639.4519258404448
1633,-1632.4573907802485
1634,-1622.5789280193376
1635,-1644.716942215062
1636,-1623.8204557683118
1637,-1634.885280869351
1638,-1617.9503604056683
1639,-1602.3086453396534
1640,-1581.5622823281728
1641,-1579.0305602938654
1642,-1596.097434074565
1643,-1597.46730531211
1644,-1605.173905470996
1645,-1647.709410975891
1646,-1670.1049400736472
1647,-1665.2145667243224
1648,-1666.0498079086751
1649,-1656.142540021845
1650,-1661.2500168451934
1651,-1633.816484314269
1652,-1627.5684598206956
1653,-1629.5291681006443
1654,-1613.7468423996581
1655,-1630.6694813567651
1656,-1632.327831333852
1657,-1634.3160072468681
1658,-1626.4356018031003
1659,-1619.6864663981162
1660,-1630.852636446262
1661,-1622.5371256795693
1662,-1607.248938684335
1663,-1607.3470914193963
1664,-1613.9452531361621
1665,-1617.7543118910135
1666,-1609.048812774599
1667,-1629.098288632966
1668,-1643.53085740419
1669,-1672.0394871786484
1670,-1672.9407495614523
1671,-1663.454326219712
1672,-1662.8973304368506
1673,-1646.9622625918546
1674,-1662.1301527748433
1675,-1653.608832310886
1676,-1661.8926559978993
1677,-1654.5114033756015
1678,-1640.920444276829
1679,-1626.6152822654842
1680,-1627.0689002714857
1681,-1626.0185154561198
1682,-1622.0668008020366
1683,-1633.316317974582
1684,-1624.207518143161
1685,-1634.9220411863935
1686,-1639.133498446754
1687,-1666.7615725008632
1688,-1670.7672034079028
1689,-1663.3725367564698
1690,-1666.103175385019
1691,-1649.7723509276113
1692,-1674.8211364562108
1693,-1697.899076420199
1694,-1692.3721400655695
1695,-1707.7447443300757
1696,-1714.0379158650799
1697,-1695.9761790024845
1698,-1684.624880742852
1699,-1683.883768480499
1700,-1686.515472314738
1701,-1683.9625640086113
1702,-1671.5065594347573
1703,-1667.454064535772
1704,-1635.6756502443159
1705,-1626.1921323313384
1706,-1626.2671759074115
1707,-1645.6312996254596
1708,-1661.7077062028798
1709,-1671.130886622881
1710,-1676.0342681198701
1711,-1674.1158830276527
1712,-1678.850398793897
1713,-1657.3293751847252
1714,-1623.3195334560069
1715,-1603.8544065876317
1716,-1581.9027141833012
1717,-1588.0107517578954
1718,-1584.2852296312888
1719,-1601.9004824966391
1720,-1598.9555058235812
1721,-1605.211939189293
1722,-1605.2574187423713
1723,-1624.2393398337076
1724,-1631.6714401766587
1725,-1667.884970219885
1726,-1697.0300473598718
1727,-1721.420455350357
1728,-1713.2212952452358
1729,-1686.731856340228
1730,-1670.2475587448914
1731,-1684.9922217301116
1732,-1699.8358721614409
1733,-1741.9868780650181
1734,-1750.9997713480075
1735,-1756.9225912503987
1736,-1773.1193251521445
1737,-1823.3787288587355
1738,-1819.7811769655432
1739,-1791.1331451292597
1740,-1769.6447890144073
1741,-1740.6294695900574
1742,-1714.5965510648361
1743,-1674.4860245599934
1744,-1645.6145821665618
1745,-1639.5587032536253
1746,-1621.832097779832
1747,-1627.9961453330027
1748,-1594.0838633813157
1749,-1588.6534295782997
1750,-1579.7956151278108
1751,-1601.630214688692
1752,-1611.8579378293239
1753,-1621.084462480985
1754,-1637.2613930865768
1755,-1649.1739556809891
1756,-1653.2575051550507
1757,-1640.544547795629
1758,-1648.7317154105613
1759,-1661.3026536050004
1760,-1687.7437860460925
1761,-1681.181744862112
1762,-1677.2074027042208
1763,-1674.6128430142558
1764,-1689.0124096571392
1765,-1682.8711499010847
1766,-1711.56787239467
1767,-1698.0526201999571
1768,-1678.6708601408793
1769,-1658.0226106301536
1770,-1649.1609136809404
1771,-1627.6506247348
1772,-1626.110012411609
1773,-1642.0091757092468
1774,-1654.683862765279
1775,-1660.0834698486872
1776,-1659.7750286540024
1777,-1664.101059723642
1778,-1664.2328816861898
1779,-1662.2663421588873
1780,-1670.007780900306
1781,-1691.5064650225581
1782,-1704.807819782282
1783,-1718.3753128527087
1784,-1710.8246137698113
1785,-1734.229655780061
1786,-1741.0677612302766
1787,-1718.3797049410975
1788,-1703.9672243202233
1789,-1715.4645985369866
1790,-1714.5946470710828
1791,-1730.5814377499607
1792,-1737.8863162027737
1793,-1737.943158290466
1794,-1739.9466147472956
1795,-1738.1512701769764
1796,-1719.9790210054678
1797,-1708.4411583648366
1798,-1694.7804702173848
1799,-1706.254981083261
1800,-1697.9763475168347
1801,-1701.2347389354893
1802,-1695.7651741117088
1803,-1688.7468244820745
1804,-1692.2340447057359
1805,-1701.452625540182
1806,-1712.0327360058845
1807,-1710.5929462835877
1808,-1726.0404446996051
1809,-1736.874292124066
1810,-1752.855128291084
1811,-1776.6231970221231
1812,-1796.4763839809953
1813,-1811.2572963467612
1814,-1816.0542440351724
1815,-1802.6159011795028
1816,-1789.383259681052
1817,-1775.6235976885773
1818,-1765.824546193718
1819,-1739.7387143098886
1820,-1720.7016606313089
1821,-1709.7170083719984
1822,-1683.8849769741644
1823,-1685.7876896236005
1824,-1660.2911041595328
1825,-1636.961767323397
1826,-1631.534902787551
1827,-1599.6968168872854
1828,-1582.7094365030596
1829,-1574.7497451236661
1830,-1558.4205768348656
1831,-1525.3417560559485
1832,-1521.7958415133
1833,-1517.5307480211966
1834,-1498.8478605092228
1835,-1484.935819004646
1836,-1499.5524938956405
1837,-1486.469462298407
1838,-1508.6085520299462
1839,-1513.618220512294
1840,-1528.899179039396
1841,-1527.485143818614
1842,-1527.5270014950459
1843,-1536.9429775653894
1844,-1526.115918694033
1845,-1511.3696689004378
1846,-1509.4472305557033
1847,-1522.4225753744113
1848,-1503.015967769483
1849,-1497.1469919081699
1850,-1465.2604634381582
1851,-1460.7078026147635
1852,-1470.0786093102802
1853,-1473.203172629162
1854,-1470.5185457667671
1855,-1453.968750191889
1856,-1454.0366437846587
1857,-1471.1677086723655
1858,-1473.003713464059
1859,-1473.750394592909
1860,-1466.241139172006
1861,-1489.17717579174
1862,-1463.781994959345
1863,-1465.9698315263156
1864,-1445.237435935204
1865,-1451.1823089985887
1866,-1469.0216083625007
1867,-1473.932816653571
1868,-1479.087640089292
1869,-1485.9264360037898
1870,-1502.9675838346834
1871,-1503.5460435328139
1872,-1523.3241177393527
1873,-1533.883072461111
1874,-1562.7174727552042
1875,-1594.556540400096
1876,-1576.7418690090926
1877,-1554.3725287356751
1878,-1586.2515346270366
1879,-1581.7352588349277
1880,-1587.471240772881
1881,-1589.4214051861222
1882,-1579.1841428577218
1883,-1557.4146519139945
1884,-1581.834567296138
1885,-1595.9804370376671
1886,-1617.351360581177
1887,-1646.7958228480895
1888,-1672.3802398644157
1889,-1651.9613981006623
1890,-1643.565505382871
1891,-1634.4870915368797
1892,-1619.1049608757246
1893,-1600.0242967866031
1894,-1601.0305442484137
1895,-1597.5983047395348
1896,-1589.3748317471275
1897,-1596.3895261539378
1898,-1596.943551486287
1899,-1586.0168921142729
1900,-1593.6172030359799
1901,-1600.842673994699
1902,-1603.778230977212
1903,-1599.2352227395088
1904,-1631.519248846389
1905,-1607.4408405785139
1906,-1619.6821906593866
1907,-1634.2273726510382
1908,-1624.2146651265866
1909,-1625.8148919492203
1910,-1632.5505696219038
1911,-1611.5133963542787
1912,-1593.3017346439153
1913,-1593.1876420609399
1914,-1592.6309363754237
1915,-1607.997416084002
1916,-1614.7679921683405
1917,-1621.357863378921
1918,-1614.0542818242131
1919,-1590.6519463548439
1920,-1602.6794238907348
1921,-1590.8913685852858
1922,-1584.9249241096213
1923,-1584.5720254287576
1924,-1581.447849356151
1925,-1598.914921071907
1926,-1598.0383410153945
1927,-1604.4015085424105
1928,-1619.6266906449239
1929,-1610.810081551595
1930,-1634.9312558769477
1931,-1626.7380077519917
1932,-1619.070815990218
1933,-1615.17569506634
1934,-1611.8831568169212
1935,-1590.874411657391
1936,-1584.1739046170433
1937,-1592.5564807666533
1938,-1572.8450901568056
1939,-1574.8843517610715
1940,-1558.8960131472898
1941,-1580.194662014138
1942,-1564.92213226581
1943,-1578.283235453338
1944,-1595.7678181578033
1945,-1611.3004817856324
1946,-1589.6122355481284
1947,-1591.7421316374362
1948,-1597.1051911290642
1949,-1609.7082378538757
1950,-1587.0431742964251
1951,-1577.6939584834904
1952,-1577.0980031942993
1953,-1636.1399555875123
1954,-1669.3084395308001
1955,-1679.8694659806442
1956,-1681.7733983747435
1957,-1674.6183092051742
1958,-1668.687522030276
1959,-1680.2310431275328
1960,-1660.805580780452
1961,-1637.9430670409922
1962,-1636.6170302587536
1963,-1627.465920387173
1964,-1617.1824873417722
1965,-1653.391544271779
1966,-1644.3865075617794
1967,-1643.7481159482243
1968,-1656.8518491291336
1969,-1676.8998397516968
1970,-1706.2376146470333
1971,-1701.2257802063825
1972,-1712.000574565184
1973,-1716.0909414083958
1974,-1678.6827349055561
1975,-1698.5440155613442
1976,-1664.2913233350257
1977,-1634.1875309360898
1978,-1600.5035023909272
1979,-1589.0874280574658
1980,-1576.8261565799853
1981,-1579.8680327468462
1982,-1581.3960793259082
1983,-1564.8644040837944
1984,-1576.709441284404
1985,-1578.2310078640985
1986,-1571.8102765021922
1987,-1593.7027486148465
1988,-1577.1085858778827
1989,-1569.6262123584743
1990,-1560.1480064676193
1991,-1559.7108358067046
1992,-1579.975335459029
1993,-1599.1867135225777
1994,-1597.6948129998673
1995,-1584.033704426438
1996,-1574.4398469820526
1997,-1574.940052883412
1998,-1579.4713987041741
1999,-1594.9817544281807
2000,-1585.2975469175803
2001,-1573.26830783461
2002,-1562.0732355026214
2003,-1576.2361451797904
2004,-1564.9797856934308
2005,-1608.1081629732273
2006,-1602.5310403288265
2007,-1608.4036653475246
2008,-1645.8882990585
2009,-1665.9817436660958
2010,-1671.3737427437586
2011,-1678.2661774531484
2012,-1676.9104674905484
2013,-1676.9207188045789
2014,-1692.9693531392315
2015,-1682.2689958042483
2016,-1678.2869797644707
2017,-1709.0924311535066
2018,-1694.605825118903
2019,-1688.0139600051184
2020,-1687.7879133710692
2021,-1703.9127216167492
2022,-1699.6058459905269
2023,-1700.6096040318503
2024,-1690.7780798765807
2025,-1707.1459719367083
2026,-1694.9126722980964
2027,-1681.7551210985698
2028,-1668.0776159436407
2029,-1669.7578757484882
2030,-1692.8536303314845
2031,-1702.0654264430686
2032,-1723.021624118938
2033,-1740.563383927129
2034,-1767.343753264514
2035,-1767.7694131784674
2036,-1747.4978156518716
2037,-1783.7915387702296
2038,-1788.2428467244292
2039,-1774.221178015601
2040,-1768.880461762558
2041,-1783.6838988787968
2042,-1770.6971232090648
2043,-1752.796354506454
2044,-1755.686818492485
2045,-1747.9354076910638
2046,-1717.7075972319426
2047,-1689.0479955956484
2048,-1680.8739885422665
2049,-1684.4592684624135
2050,-1660.9820892353814
2051,-1639.1349056510614
2052,-1619.4699504754387
2053,-1619.2960450261253
2054,-1636.6197934684587
2055,-1666.6839495859786
2056,-1648.783917655364
2057,-1652.2082381666683
2058,-1677.4208579854524
2059,-1688.047925824114
2060,-1688.0853862927797
2061,-1681.7979076942488
2062,-1671.1534731142824
2063,-1654.99239453936
2064,-1693.017289995477
2065,-1692.8487149680382
2066,-1694.5876239149575
2067,-1704.1240209046114
2068,-1718.0910154834244
2069,-1704.9773743714845
2070,-1733.1209051738817
2071,-1735.5467840270073
2072,-1764.7259693102153
2073,-1758.135404062899
2074,-1748.3900553572557
2075,-1734.1538033196005
2076,-1715.283625769416
2077,-1675.677520743231
2078,-1662.3919626673996
2079,-1630.8676368884096
2080,-1608.0318698027365
2081,-1610.3435737343161
2082,-1622.9320199517933
2083,-1629.5250118824763
2084,-1635.2165312083619
2085,-1623.5169980746011
2086,-1622.9786272812737
2087,-1641.8773274981236
2088,-1639.461724720975
2089,-1611.2489954323235
2090,-1584.3591958841462
2091,-1569.2530110130676
2092,-1561.113281346729
2093,-1534.7962829580292
2094,-1528.6334237440167
2095,-1541.3853600790535
2096,-1544.7896604485477
2097,-1529.784578000891
2098,-1524.7180313235
2099,-1515.3484783195208
2100,-1533.202760485475
2101,-1572.7788209331645
2102,-1553.2909582247307
2103,-1537.814021202282
2104,-1536.349616701007
2105,-1540.204977567254
2106,-1559.297247513108
2107,-1544.1426880661197
2108,-1528.486967822109
2109,-1542.4396058515665
2110,-1543.9550356535312
2111,-1522.9499693761884
2112,-1503.9291046352414
2113,-1520.5615067470535
2114,-1529.9215860667468
2115,-1537.4909442815595
2116,-1518.4106840211434
2117,-1525.0990957276379
2118,-1522.1107844061667
2119,-1509.6716813584878
2120,-1503.0104382826335
2121,-1504.568647014652
2122,-1501.2528697513194
2123,-1522.038818827694
2124,-1559.007274928099
2125,-1571.5071211565926
2126,-1602.6470217032852
2127,-1609.6074920574588
2128,-1607.5313254854984
2129,-1596.3930355824177
2130,-1594.2088486244352
2131,-1588.1310663509475
2132,-1618.6335223255667
2133,-1602.2265775775188
2134,-1578.138973366715
2135,-1587.919364714773
2136,-1594.8768779634045
2137,-1608.6489950016064
2138,-1641.117689728609
2139,-1641.4637374945326
2140,-1635.1838506623872
2141,-1659.5726848977913
2142,-1669.6053219861215
2143,-1683.0048051189533
2144,-1703.0368140510145
2145,-1702.9935991713792
2146,-1685.7210515203294
2147,-1662.4887100710844
2148,-1640.969094385661
2149,-1646.4838489279664
2150,-1647.430124635416
2151,-1657.8507500334713
2152,-1657.579999082471
2153,-1641.3469866134542
2154,-1648.8032294032396
2155,-1667.6408281368817
2156,-1652.0812333427755
2157,-1637.3221096741324
2158,-1645.7617806670337
2159,-1626.072178854231
2160,-1593.9225423112675
2161,-1593.5279775508623
2162,-1586.4298180556666
2163,-1585.4072569760929
2164,-1569.5906005628563
2165,-1568.3705291950832
2166,-1587.7577955238153
2167,-1598.3677472703862
2168,-1583.2968802511346
2169,-1609.1915055318593
2170,-1615.7549153629914
2171,-1614.3014889603594
2172,-1602.1963144832494
2173,-1591.2389234483312
2174,-1573.668503656742
2175,-1578.8714182524152
2176,-1575.278908139815
2177,-1578.0097879968798
2178,-1571.5521262434904
2179,-1557.2021322100068
2180,-1544.107720703773
2181,-1543.2331477546388
2182,-1538.9832086054125
2183,-1529.9999919407762
2184,-1528.430360163576
2185,-1533.906706263481
2186,-1531.5176619121662
2187,-1516.988573287173
2188,-1535.3266586230648
2189,-1521.414251288105
2190,-1530.6200679500837
2191,-1538.5118572838965
2192,-1565.1673762622654
2193,-1581.2308745989549
2194,-1593.9759239646253
2195,-1594.4347076560969
2196,-1608.5736330484997
2197,-1586.9196034789538
2198,-1571.4904218768513
2199,-1585.5725888884776
2200,-1595.8980731359247
2201,-1583.9016943895942
2202,-1582.867833641182
2203,-1564.8799612812081
2204,-1551.3019911738745
2205,-1533.9952441559835
2206,-1512.83062120357
2207,-1521.3517071227632
2208,-1534.5814691310143
2209,-1552.6285422103642
2210,-1553.0781890846188
2211,-1556.4356568824962
2212,-1533.4141760066843
2213,-1563.7335828681978
2214,-1555.2674938478328
2215,-1545.684176022768
2216,-1543.0287316984322
2217,-1538.2233872363356
2218,-1532.5699565672703
2219,-1545.1848430042717
2220,-1547.3892388821143
2221,-1568.0998427616114
2222,-1570.1912390026855
2223,-1585.3451417710519
2224,-1625.1270977343463
2225,-1635.1462342896345
2226,-1624.065434312415
2227,-1608.5820596081292
2228,-1611.5614633754471
2229,-1605.4944195225248
2230,-1605.0581841783776
2231,-1589.6476296672595
2232,-1574.1748082844997
2233,-1548.3569429917902
2234,-1566.3467374612148
2235,-1539.1436951248882
2236,-1543.5231526279435
2237,-1521.857283598013
2238,-1503.9796496749718
2239,-1509.2911846082484
2240,-1540.3582921168656
2241,-1542.5152384282374
2242,-1545.8237593949189
2243,-1544.4046936522473
2244,-1561.0780869156963
2245,-1576.4901127926262
2246,-1560.825834596176
2247,-1565.5731994198557
2248,-1607.148298611039
2249,-1655.9245327220672
2250,-1719.0779686516819
2251,-1762.727866443613
2252,-1769.417892750839
2253,-1778.9300425550002
2254,-1755.1949663801784
2255,-1748.6608195685722
2256,-1730.7296471808775
2257,-1728.9961241887822
2258,-1711.6057082597786
2259,-1682.2415998146257
2260,-1657.288929982077
2261,-1634.167635968339
2262,-1611.3124776473937
2263,-1590.473143299278
2264,-1578.7358752240245
2265,-1580.0888886805117
2266,-1583.5562583192352
2267,-1557.7313693784104
2268,-1560.6180135349346
2269,-1531.0861748328239
2270,-1537.2589398306416
2271,-1517.4693554419966
2272,-1547.696431926218
2273,-1544.5256183748834
2274,-1522.364278452249
2275,-1510.0709308656496
2276,-1491.780940917164
2277,-1495.4441658684746
2278,-1463.7344837104013
2279,-1456.3323755812912
2280,-1445.3657678924876
2281,-1451.8291889006312
2282,-1439.1940894095367
2283,-1447.8922951995878
2284,-1462.7252846029378
2285,-1454.3066340663652
2286,-1448.1719695507848
2287,-1469.252352152674
2288,-1470.895440046856
2289,-1493.5764433347313
2290,-1502.3676062326704
2291,-1507.9944632796357
2292,-1505.0213142567914
2293,-1520.9061763240575
2294,-1519.516679909743
2295,-1506.1170393510504
2296,-1510.4890656530172
2297,-1504.2768053654995
2298,-1502.3651244712187
2299,-1513.7909680584457
2300,-1511.3303583689417
2301,-1502.957978800162
2302,-1486.693567414369
2303,-1476.2115847809098
2304,-1476.1924510009494
2305,-1463.138416557742
2306,-1468.0096937993512
2307,-1452.344134469126
2308,-1446.3287276060864
2309,-1430.3137597292744
2310,-1451.290928805664
2311,-1476.5458079267244
2312,-1488.875196665215
2313,-1501.527553760194
2314,-1518.128193682362
2315,-1519.969713240222
2316,-1521.6589028525923
2317,-1526.371138740333
2318,-1535.017220601038
2319,-1546.2855950970907
2320,-1526.9372035893819
2321,-1532.7909178500352
2322,-1554.4337561277302
2323,-1571.674514879234
2324,-1546.1118667518544
2325,-1544.9610884184365
2326,-1554.9915993555944
2327,-1560.0348810795524
2328,-1589.6441175223813
2329,-1653.0513383686364
2330,-1697.545298116823
2331,-1815.2666807872229
2332,-1849.1647153022675
2333,-1850.6867377359492
2334,-1845.325424075491
2335,-1841.4985864387684
2336,-1840.9095746424985
2337,-1822.7861300533987
2338,-1826.5797340647264
2339,-1829.2120096551394
2340,-1814.4809534623037
2341,-1807.3815877324864
2342,-1792.952581395459
2343,-1801.1434519329655
2344,-1828.8258801513457
2345,-1869.5530772579325
2346,-1896.5953693516938
2347,-1883.470440141993
2348,-1852.7225483745358
2349,-1844.204310799089
2350,-1829.1586111596253
2351,-1798.1488518312701
2352,-1768.123899598002
2353,-1742.6944104855863
2354,-1708.4027595515706
2355,-1685.5833211251982
2356,-1675.7424149018634
2357,-1649.0114410146768
2358,-1634.935504367599
2359,-1630.716155638724
2360,-1608.5970795791195
2361,-1621.3616579793782
2362,-1610.9312030325304
2363,-1605.4879265402162
2364,-1626.564473806152
2365,-1622.797435216396
2366,-1599.9778091207045
2367,-1584.2994032566244
2368,-1576.0088533737096
2369,-1561.8640866903584
2370,-1540.3280886566329
2371,-1547.5609263493097
2372,-1554.8993447933128
2373,-1531.4290331201319
2374,-1516.253527150458
2375,-1507.2307305673003
2376,-1499.1706302975333
2377,-1499.3931908336717
2378,-1485.2628574337366
2379,-1470.8424374385802
2380,-1474.8345264929126
2381,-1487.106833244027
2382,-1498.694456063348
2383,-1515.5568699663204
2384,-1514.154098153033
2385,-1526.4626168608413
2386,-1543.7812921920304
2387,-1550.7358466117275
2388,-1560.5954900636068
2389,-1558.2944213564656
2390,-1541.9186707749232
2391,-1524.7148745448997
2392,-1516.7159099832768
2393,-1527.9158908845993
2394,-1522.6159739312432
2395,-1503.8421316844801
2396,-1491.6842852936948
2397,-1492.317957677515
2398,-1488.5880137314907
2399,-1491.127703276525
2400,-1473.375005861005
2401,-1489.5397871160017
2402,-1524.3635573278673
2403,-1511.0520729706782
2404,-1510.3332661821632
2405,-1491.4782685187245
2406,-1487.808904342342
2407,-1489.4180675820853
2408,-1507.544127644905
2409,-1520.8321183057253
2410,-1508.2107625751319
2411,-1526.8212993463892
2412,-1518.08684871844
2413,-1545.907221345908
2414,-1603.4782349904162
2415,-1640.9683649679407
2416,-1624.9582272039474
2417,-1603.1670818246514
2418,-1621.2561515978314
2419,-1623.5412825356211
2420,-1620.4713086502748
2421,-1625.2100840263195
2422,-1623.0927155975905
2423,-1616.3879334054327
2424,-1626.6390410120205
2425,-1616.3086111833138
2426,-1610.0862081872199
2427,-1628.4501914511222
2428,-1637.8761496114937
2429,-1633.743592168691
2430,-1624.1774635089603
2431,-1643.5581485724565
2432,-1660.0099942018037
2433,-1669.8783673401615
2434,-1649.9701743270539
2435,-1663.098557287197
2436,-1685.67784658099
2437,-1677.3809726578736
2438,-1655.1456305704023
2439,-1657.8209029477493
2440,-1637.2728934651582
2441,-1619.1314284717937
2442,-1610.1688617852355
2443,-1612.300678756364
2444,-1608.7253960104053
2445,-1629.143890646562
2446,-1620.307098717224
2447,-1596.2914464658384
2448,-1572.3148511519016
2449,-1556.2001520209737
2450,-1575.1838033475178
2451,-1564.1727207481206
2452,-1555.0872404981737
2453,-1537.3613858602332
2454,-1578.2663809608812
2455,-1557.089947884848
2456,-1529.5472889052526
2457,-1540.2744896925367
2458,-1541.601461104181
2459,-1547.4090072111833
2460,-1565.577916068633
2461,-1570.3412014586509
2462,-1603.5561005259021
2463,-1604.8044851198808
2464,-1606.3636519243162
2465,-1613.291672603346
2466,-1613.1708210847582
2467,-1615.1530081436424
2468,-1621.7448518972233
2469,-1637.8262511025155
2470,-1635.9973361427376
2471,-1648.8057651185727
2472,-1654.5053888469295
2473,-1679.6150881126698
2474,-1690.8041343626176
2475,-1691.890040216275
2476,-1710.9489191065034
2477,-1704.7478861406719
2478,-1713.3110841529312
2479,-1709.566837383578
2480,-1708.8585432831762
2481,-1707.9395345261091
2482,-1689.3481857567003
2483,-1675.5453115195146
2484,-1678.6228468131449
2485,-1678.8241777574992
2486,-1698.3446993592459
2487,-1707.7700485230669
2488,-1709.0493902845687
2489,-1695.970651574437
2490,-1682.4755677259743
2491,-1655.7450309527017
2492,-1627.6514871786976
2493,-1612.4328037438656
2494,-1614.114632179997
2495,-1600.6718029085291
2496,-1616.8237740837576
2497,-1632.2664407565994
2498,-1626.2794051747164
2499,-1622.5261388587485
2500,-1616.1010503318792
2501,-1630.7350870657212
2502,-1629.1074939296518
2503,-1618.9004462582432
2504,-1598.6146981060567
2505,-1599.6486072830228
2506,-1602.0778256535077
2507,-1596.9085435722852
2508,-1605.2604272203077
2509,-1612.4770714530969
2510,-1611.9186837585492
2511,-1605.2750548542504
2512,-1624.6069273167454
2513,-1601.6887240967746
2514,-1626.812459591749
2515,-1622.3059782523771
2516,-1611.1014768731347
2517,-1582.7060623056368
2518,-1586.0890239363523
2519,-1571.771072591808
2520,-1551.9154026814904
2521,-1529.375828675464
2522,-1519.423709246525
2523,-1503.387913659172
2524,-1492.2310939039446
2525,-1491.4168181597706
2526,-1504.7097791708968
2527,-1497.94807651161
2528,-1514.5532232460937
2529,-1518.7190814653773
2530,-1517.4252383279788
2531,-1494.84691570256
2532,-1494.2722998574245
2533,-1470.703753620077
2534,-1478.3749928663806
2535,-1476.206047792964
2536,-1468.0055993966653
2537,-1472.5916441998652
2538,-1486.2497801234122
2539,-1486.4001392706732
2540,-1472.5092226345216
2541,-1490.4745374911538
2542,-1488.7451306032965
2543,-1514.8516712264066
2544,-1544.391447181782
2545,-1532.9935163922282
2546,-1550.7311481386778
2547,-1540.374903587674
2548,-1521.1011866216365
2549,-1531.1446007619347
2550,-1533.1573744910347
2551,-1518.5036100646919
2552,-1527.0048332817355
2553,-1541.6108739592567
2554,-1530.9398573465146
2555,-1539.386672224319
2556,-1537.242692337656
2557,-1526.8592835692255
2558,-1525.673901481136
2559,-1545.6162667548992
2560,-1519.4983364516968
2561,-1516.7961349557497
2562,-1532.9496449683222
2563,-1533.4795543669818
2564,-1516.5585600290633
2565,-1522.8369068347138
2566,-1506.6195731430696
2567,-1505.2501887390556
2568,-1500.8319198448262
2569,-1526.5241142711786
2570,-1505.90241900965
2571,-1476.19842734556
2572,-1462.7363288840893
2573,-1494.2111924257547
2574,-1481.8320037314686
2575,-1475.1104303690825
2576,-1457.2657966252132
2577,-1465.6529148515144
2578,-1472.377696358724
2579,-1482.2999152254915
2580,-1497.8864960743745
2581,-1501.1859907209441
2582,-1528.439737534757
2583,-1540.7774830844091
2584,-1565.4380940413157
2585,-1542.181325933324
2586,-1548.5655931505912
2587,-1555.9991501609654
2588,-1548.892439662205
2589,-1534.3848330617457
2590,-1541.0892251592315
2591,-1518.8563561415197
2592,-1533.8075624761082
2593,-1522.6442007506337
2594,-1494.650615935752
2595,-1492.1135459780094
2596,-1487.8909482995787
2597,-1491.1120698906875
2598,-1481.005071699992
2599,-1495.5912589950144
2600,-1512.6181733018761
2601,-1513.9939680765963
2602,-1564.537107685101
2603,-1573.848191851668
2604,-1586.040328625495
2605,-1599.3775858753427
2606,-1637.1675911223579
2607,-1661.4633248094106
2608,-1662.579610815842
2609,-1672.63573888425
2610,-1685.4268041833302
2611,-1693.857763746585
2612,-1715.2187464779759
2613,-1717.4287794444258
2614,-1737.7678681278585
2615,-1725.0337719118234
2616,-1710.4464976632514
2617,-1707.3761202899964
2618,-1682.9973898372507
2619,-1661.3266088988707
2620,-1658.8087777057208
2621,-1664.4984342253717
2622,-1662.121986385106
2623,-1653.2890573664395
2624,-1640.9464295532005
2625,-1636.751850441937
2626,-1649.5993896920459
2627,-1677.5493882838841
2628,-1663.083374848681
2629,-1641.4820548147165
2630,-1639.4796074946048
2631,-1630.916984596033
2632,-1610.4150643534963
2633,-1590.6551859020994
2634,-1563.2390228127467
2635,-1558.9634892874965
2636,-1547.135378228096
2637,-1520.3429141962938
2638,-1544.5116375042132
2639,-1576.8368789885649
2640,-1613.882805100414
2641,-1629.7699297637453
2642,-1651.5141006534755
2643,-1645.4908637142428
2644,-1636.1914327477168
2645,-1628.3405852443811
2646,-1625.4268885521785
2647,-1615.1404397777492
2648,-1614.3809535096643
2649,-1602.7695576316967
2650,-1588.3067966788608
2651,-1580.1948079054605
2652,-1567.2850034007906
2653,-1548.4711423896974
2654,-1530.4273971145442
2655,-1551.6734247462068
2656,-1543.18120742669
2657,-1542.2278851633546
2658,-1562.402219148242
2659,-1578.983721265694
2660,-1558.599063386093
2661,-1545.6193252625776
2662,-1549.821840736332
2663,-1541.5230370674972
2664,-1548.9872206335822
2665,-1550.2188497782288
2666,-1572.8360020404189
2667,-1591.2108027662318
2668,-1577.9428925690413
2669,-1578.0231650949297
2670,-1545.767942291997
2671,-1539.9410507404996
2672,-1516.651285561005
2673,-1519.0232440840136
2674,-1516.4801611092096
2675,-1515.9614212752997
2676,-1500.6886946177365
2677,-1487.5686100201617
2678,-1492.4955746281405
2679,-1490.5609712657292
2680,-1481.2662370049766
2681,-1505.988640506527
2682,-1489.0633735343301
2683,-1490.2774317947308
2684,-1487.2354388638068
2685,-1503.5714704059044
2686,-1522.8830182909046
2687,-1514.3132889118629
2688,-1521.7154596535536
2689,-1537.0624772481856
2690,-1533.3661274957594
2691,-1541.919451934334
2692,-1523.875334923144
2693,-1528.1886246486183
2694,-1534.5600781165808
2695,-1547.5994287854987
2696,-1536.4965540404621
2697,-1520.5377077756475
2698,-1510.1180738943422
2699,-1488.3341010423924
2700,-1483.6432638003346
2701,-1504.4927318889802
2702,-1513.4735745310152
2703,-1501.5796608617466
2704,-1500.4582610004445
2705,-1510.8803620496635
2706,-1491.7983782927538
2707,-1495.6640474061219
2708,-1510.615453475112
2709,-1572.5054646925691
2710,-1590.7983002075391
2711,-1619.7524432569398
2712,-1640.7405427943777
2713,-1673.4233589708167
2714,-1687.8555203614335
2715,-1694.766834831456
2716,-1677.6151902791146
2717,-1681.9774033047868
2718,-1696.1924189216124
2719,-1703.8642927925748
2720,-1725.5052119910474
2721,-1731.4483466846407
2722,-1737.8548215422725
2723,-1742.1225392843246
2724,-1743.320360346303
2725,-1733.571306642298
2726,-1720.3885062468821
2727,-1706.5744062682122
2728,-1705.5088454896613
2729,-1704.1157642331943
2730,-1705.1724928139704
2731,-1727.5728111745186
2732,-1753.9839368807889
2733,-1747.7499311349343
2734,-1722.8702238487408
2735,-1729.0212127078337
2736,-1719.4149057627844
2737,-1722.0830012393403
2738,-1726.318102180767
2739,-1723.526575192055
2740,-1757.4793317197782
2741,-1788.4532971364392
2742,-1792.963630093221
2743,-1780.936477302164
2744,-1795.1318990744064
2745,-1778.6118230641957
2746,-1790.1892656124237
2747,-1796.2343906557562
2748,-1790.2192389378324
2749,-1791.3942429500144
2750,-1759.4180200162725
2751,-1772.1236839660005
2752,-1759.144406402757
2753,-1737.3478481442412
2754,-1719.8998413015856
2755,-1706.8022228565305
2756,-1704.526772566155
2757,-1708.5699571436987
2758,-1720.7110957142136
2759,-1734.8629800233907
2760,-1727.5176729450393
2761,-1730.0488970416463
2762,-1767.1462199103194
2763,-1775.4974550408017
2764,-1785.3266480802208
2765,-1783.4357734169532
2766,-1801.648364815096
2767,-1831.8599849328023
2768,-1878.9976980613324
2769,-1887.7634931585444
2770,-1898.5532676495409
2771,-1900.816221288625
2772,-1913.8927797884674
2773,-1958.4911485554896
2774,-1977.4527435738237
2775,-1963.4228573040293
2776,-1954.2263639272514
2777,-1952.361950328806
2778,-1938.8604178333921
2779,-1921.932387629209
2780,-1884.14269250692
2781,-1857.0904767021211
2782,-1831.4973832928993
2783,-1808.682752400585
2784,-1797.3960396510415
2785,-1782.266789537708
2786,-1769.140182219257
2787,-1748.6870726112506
2788,-1712.5651758295223
2789,-1692.491698340102
2790,-1660.9980019724494
2791,-1642.3676041879287
2792,-1635.6327051305177
2793,-1638.7759390090644
2794,-1667.5075332264578
2795,-1671.8116644417096
2796,-1663.1924160220976
2797,-1662.7741275449926
2798,-1665.3491866422773
2799,-1669.569926745218
2800,-1668.2087985968258
2801,-1674.6423266378854
2802,-1674.6864923913504
2803,-1662.4162999401822
2804,-1670.4932417592888
2805,-1656.1254795989057
2806,-1655.6099211615124
2807,-1648.2642844820903
2808,-1639.5453721482938
2809,-1639.581740432142
2810,-1608.8898970885282
2811,-1618.9805631145246
2812,-1606.5638340517864
2813,-1604.7102430993132
2814,-1590.410159011492
2815,-1581.5764506507303
2816,-1587.2482016658275
2817,-1621.2719069905677
2818,-1664.1292930664536
2819,-1681.5739526138495
2820,-1684.3365908083424
2821,-1695.854362667963
2822,-1694.0571816778074
2823,-1688.2434972122012
2824,-1694.6952372340463
2825,-1694.8295734394696
2826,-1693.7901608358952
2827,-1673.3111302559255
2828,-1673.6138298982087
2829,-1677.4664630897237
2830,-1682.3774844378777
2831,-1674.8808279722389
2832,-1668.0040472498338
2833,-1675.9676860667246
2834,-1675.2536533249972
2835,-1728.9704439680593
2836,-1742.8497697595421
2837,-1724.9411429399179
2838,-1712.6564790647515
2839,-1685.7993817782938
2840,-1656.0893571372653
2841,-1625.8659641981226
2842,-1611.4693417702413
2843,-1588.1146573264868
2844,-1562.7723782399873
2845,-1535.5275737874897
2846,-1536.7175521717909
2847,-1520.4165397017312
2848,-1501.7370410466615
2849,-1505.7665961393145
2850,-1511.2496177541277
2851,-1503.7006497625998
2852,-1559.8725355704364
2853,-1578.3616748348109
2854,-1583.764309207587
2855,-1570.452933047934
2856,-1546.9028739504365
2857,-1567.9398381836706
2858,-1554.7040707074518
2859,-1548.3042110565652
2860,-1534.317548253138
2861,-1506.4248753569705
2862,-1515.114154993573
2863,-1544.1887117063327
2864,-1557.3532803470505
2865,-1554.588009653466
2866,-1565.924572408893
2867,-1549.7794078075676
2868,-1553.4442030668852
2869,-1561.5250094701912
2870,-1551.0953456875811
2871,-1554.0046283864808
2872,-1535.7909072711816
2873,-1518.6883393461658
2874,-1524.140887457854
2875,-1528.8626875843393
2876,-1544.4039706953963
2877,-1578.5135507057414
2878,-1593.2769036892728
2879,-1603.09783845063
2880,-1622.9795202198627
2881,-1628.3462324894567
2882,-1627.2792292739762
2883,-1648.9384719037898
2884,-1658.1314198605721
2885,-1660.0025347260655
2886,-1658.0576368641628
2887,-1664.381278603326
2888,-1658.396821562188
2889,-1656.027184842124
2890,-1654.9799857124883
2891,-1627.0172234551148
2892,-1619.9986680783184
2893,-1622.0851150944916
2894,-1614.4516592221462
2895,-1574.832775353382
2896,-1579.91483293773
2897,-1566.5277791040955
2898,-1558.4191697939175
2899,-1538.4272343439372
2900,-1527.1929537107442
2901,-1537.5347920937115
2902,-1543.111955727016
2903,-1541.2329395770837
2904,-1553.7108416575538
2905,-1541.0328556728182
2906,-1540.7672323846518
2907,-1547.9901367563361
2908,-1556.8740112734822
2909,-1564.4594156119972
2910,-1561.1732988012564
2911,-1557.742256138726
2912,-1576.0900984238367
2913,-1594.741045203317
2914,-1599.1463704140979
2915,-1574.5154095422706
2916,-1588.9924652481757
2917,-1582.3547899173154
2918,-1584.421205096273
2919,-1566.1740249228646
2920,-1561.4732674675026
2921,-1562.4218339718632
2922,-1600.9794852940477
2923,-1613.3158669148177
2924,-1619.7902049360803
2925,-1627.937325613181
2926,-1632.2499901970002
2927,-1670.318287870041
2928,-1678.9375948671018
2929,-1688.708717928931
2930,-1693.5887371902736
2931,-1692.8360303900772
2932,-1690.5045423873719
2933,-1673.9148579585612
2934,-1684.8772081517807
2935,-1695.1948160747907
2936,-1689.3780012585933
2937,-1707.9875954696836
2938,-1717.2572518167694
2939,-1709.520695532944
2940,-1712.4608168450795
2941,-1699.5048610152182
2942,-1697.2028219464137
2943,-1688.960394275161
2944,-1685.7590948276106
2945,-1668.0271941537317
2946,-1652.91623937345
2947,-1643.0493260545747
2948,-1633.6156753560938
2949,-1603.5913346712332
2950,-1583.1928041994058
2951,-1590.498448810825
2952,-1608.0912717732567
2953,-1601.6093587872049
2954,-1606.6671753901333
2955,-1601.7244553928842
2956,-1601.575921752863
2957,-1605.7277006816985
2958,-1584.2005727727592
2959,-1576.599102457152
2960,-1576.1325922942137
2961,-1573.1910808104658
2962,-1576.6033712257272
2963,-1580.7777890838474
2964,-1570.9914366179894
2965,-1577.8031731929068
2966,-1594.3592270177528
2967,-1603.5304202110617
2968,-1609.7372818325214
2969,-1618.9708684248644
2970,-1607.9656888791908
2971,-1588.9616819464882
2972,-1570.4712888738197
2973,-1602.8407843342384
2974,-1598.2741724492037
2975,-1611.1043787446495
2976,-1641.650461369181
2977,-1659.6362229738504
2978,-1664.3599156496502
2979,-1655.9934537859767
2980,-1633.3097365191682
2981,-1622.0571965124077
2982,-1629.5315306618868
2983,-1626.1046049622753
2984,-1632.7289353131482
2985,-1634.0415402849744
2986,-1682.1704305650067
2987,-1707.6735189565056
2988,-1674.9330184504836
2989,-1656.2354246892542
2990,-1666.7034541962596
2991,-1657.819511084083
2992,-1646.7121767188453
2993,-1661.3532653035882
2994,-1654.6543722068652
2995,-1628.7378665509389
2996,-1609.2663870124202
2997,-1607.204900613313
2998,-1605.162883492309
2999,-1601.29225752738
